text,note,theme,confidence
"I have been a member of the MGP since 1999. Since that time, even if from time to time I have doubted the expensive price of my monthly subscription, I am always members of this mutual.
Too many people think they want to pay a mutual insurance company at very low prices (€ 5) to be reimbursed at 1000 %.
I think that the subscription proposed by the MGP clearly reflects the refund made.
Thanks to the MGP, I have no fees to advance during my consultations with a doctor or the pharmacy.",4,Pricing,0.3319297730922699
"Not clear information when continuing the procedures, repetitive customer service emails without any intention to explain what is happening, no explanation received separately thanks to a customer service lady by telephone, abusive pricing",4,Customer Service,0.5166681408882141
"When he picks up the phone, chance? Breakdown software response and cannot inform us!
Much faster when you take out a contract. But when you need to talk about this contract for a buyout, no one !!!
For a week I have been doing the number 4 times a day, I stay online without anyone dropping out, a disc ...........",1,Coverage,0.2924394905567169
"The contract is a bit long to be completed.
Overall satisfied with the prices and efficiency of Direct Insurance.
I hope that termination with my old insurer will go well.
Cordially.",4,Pricing,0.3439547121524811
"Insurance L’Olivier Insurance very well for my car they listen to quick on your internet account all and manage well on the phone like recommend thank you

",5,Customer Service,0.6181927919387817
"I felt distraught in the face of the incompetence of the people I have had multiple times on the phone at the CNP to get a response to my problem, when they did not hang on to the nose! No explanation for my pb of industrial direct debits on my life insurance since ... October 2020 !!
So much so that I wonder if there is no diversion of money. They answer that the software cannot be mistaken but if he was not mistaken, he was then manipulated. When I read all the comments, I really ask myself the question and I invite everyone to contact a consumer protection organization to initiate a group action.",1,Customer Service,0.5870715975761414
"5% increase in the contract, two months after signature.",4,Coverage,0.4954895079135895
"I find your site very well done .... the different prices offered are good.
You can easily subscribe to insurance. There remains the home insurance to see your prices and in the event of a problem if you will be as effective.",3,Enrollment,0.3376617729663849
A very big concern with the maif. I had a disaster observed by expert and the manager refuses to compensate me. Yet on the costing of the expert it is very specified that it owes me to me.,2,Coverage,0.2556397020816803
"I am really satisfied with the price and the application in the meantime I will recommend my entourage who we need car insurance where else
Cordially
Thanks",1,Coverage,0.25284355878829956
"The mutual, the car, the housing, all my contracts have been at the MAAF for a long time.
The management and quality of the services are very good.
However, I deplore the decision -making concerning the sorting that the insurance companies do with good and bad customers.

Let me explain: I am assured of all risks, I had 1 non-responsible disaster in 2018 but was that of too much since it was added to 2 others in 2016 including 1 responsible. My car contract was terminated for this reason. I find this decision a little rider because I have never had any license incidents (withdrawal, alcohol, drugs) or non-payment, I have been regaling since obtaining my license in 1990. I find deplorable to have been marginalized at this stage.

So I am canceling my home contract because if I am a bad customer, as much as I terminate my other contracts, logical.

Here is my little story, it's cool",1,Coverage,0.26727864146232605
"On 10/26/2017, telephone canvassing by a person pretending to be social security, and telling me that there was a problem with my file. This person tells me that with the Macron law, hospital costs would no longer be taken into account by social security and the mutual, and that the costs could be exorbitant. After asking me for confirmation of my date of birth and my address, this person manages to offer me the subscription of additional insurance taking charge of the daily hospitalization allowances for my wife and myself. Very convincing, this person manages to make me communicate my bank details and my laptop number to finalize the file. On my laptop, I then receive the following message: ""Hello, the XXXXX code allows you to sign your Néoliane insurance contract which will start on 01/12/2017 for a direct debit of 22.79 €/month"".
Upon receipt of this SMS, the person makes me read the message and tells me that I will receive the written contract within about 15 days and he then leaves me a phone number that I can call if I did not receive the file.
After talking about it with my wife, she tries to contact them several times, but of course no answer. We therefore turn to Néoliane's customer service who confirms to us then that there is a validated contract, something that seems impossible to us since we have not communicated the code sent by SMS, allowing the signature of this .
Customer service then offers us to contact the broker who offered us this contract, something impossible since they do not answer on the phone.
How to withdraw from a contract within the deadlines provided, if we have neither the contract, the member number, nor the special conditions and nor the contact details of this so-called broker working on behalf of Néoliane.",5,Coverage,0.3103828430175781
"Advantageous price for young people even with a lot of horses, to see in the event of an accident. So I cannot put all the stars as long as I have not seen their responsiveness and their competence.",4,Coverage,0.32228031754493713
"speed of subscription, rates up in relation to my old requests. Impossible subscription of my daughter before her 2 years of insurance despite the accompanied driving provided by DA.",2,Pricing,0.36400824785232544
We must not have more than two non -responsible claims because Aussinon we receive a letter by which we are a bad driver and he turns us.,2,Cancellation,0.31393930315971375
"
Cheer . very fast . Chosen prices. Telephone contact with the staff. Genial. Despite a bad connection of the networks. I choose insurance compared to or service proposes. Choice of service - reasonable price",1,Coverage,0.45149606466293335
"Very good service, very responsive to the requests sent, the reimbursements are fast and we are notified of the payment notifications.
I recommend this mutual.",4,Customer Service,0.6196587681770325
"Customer at L'Olivier since 2012 with several cars, I learned this summer following a slight clash in Morocco (not responsible) that I was not insured. Yet I have an all risk contract option 0 km.
After several calls from Morocco, the olive tree told me that since 2016, it has no longer assumed Morocco, because they have had administrative problems and that it was up to me to look at the cross they had put on the green card.
Yet at no time did I received an email or a letter from their part stipulating the modification of the contract for the non -management of Morocco. Otherwise I will be part of competition. The olive tree has understood this and to hide its customers these changes.
If we can call us customers, because for the olive tree to have no administrative constraints, they prefer to put us in the petrin. I don't stop thinking about it, if I had overthrown a person or if my family had been injured in which kneader we would be. But, as long as the oliver has no administrative problems everything is fine for them. The oliver advised me to find insurance in Morocco during my vacation because I found myself blocked, without insurance. Problème, the insurances told me that they had an agreement with France and that it could not Ensure me. So I stayed without being able to use my vehicle and I had to take risks to leave Morocco, while I subscribed insurance from the olive tree.
However, on the back of the green map, there is indeed the address of an agency in Morocco to contact in the event of a claim. I tried to make them understand that when you decide to no longer ensure a country it is not trivial and that at least you had to have an amendment and make a global communication to all customers. But, it remains limited on the cross on the green map. An example: when I buy food, I look at the ingredients on the first day, if the ingredients change, it is written in large new recipe. But for the olive tree you have to look at the ingredients every time. Otherwise it doesn't count.
I wait for the day they put a cross on Spain in their green map.
I decided to take action with consumer associations so that they are obliged to inform their customers for such changes and make them take charge of repairs on my vehicle. If necessary, I will go to justice.
If other people are in the same situation as me, I invite them to join me.
In the meantime, I will use double the energy I have put in to advertise them before this mishap, to show their true face",2,Customer Service,0.5224953293800354
"Totally agree with the opinions of other Internet users. Direct insurance cheaper than the others but ... the 1st year only. After that increases and not just a little. In addition, it is strongly advised not to have an accident, responsible or not elsewhere, because for the regulations of these, you must be very very very patient.
In conclusion, an insurance company to flee!",2,Pricing,0.2775366008281708
"Hello everyone, I think the best way to make it heard by Naoassur Suravenir is to do a group action in court .... For my part I took a lawyer specializing in insurance ...
I am available for a group action!",3,Coverage,0.4101589322090149
I am happy to have finally found good insurance for my quad thank you for all the opstions that you bring to make you safe,5,Coverage,0.37161338329315186
"Disgusted by the way the Macif deals with claims files. In fact she does not deal with anything. She classifies. Negligence, casualness and contempt are in order not to compensate members.
My parents, elderly, have been members for over 30 years, good payers, no claim to their credit.
Victims of a strip of waters that caused significant work, more than 10,000 euros.
What to think of the missioned expert? Incompetent and negligent. Assured that he would do a ""good expertise"" ""because the employees of Macif, behind their desk, were not aware of the distress in which the victims were. In the end, he achieved fanciful expertise and n ' did not even communicate to Macif the quotes and invoices which were given to him. Bogus expertise.
The Macif therefore decided that it did not intervene in this file.
After mail with the appeal committee, compensation of 880 euros for leak research, when a manager announced, by telephone, unpleasantly, that leak research was not compensated.
",3,Claims Processing,0.3202715516090393
"Lavable, service to avoid +++ Home sold since July 8 and despite registered mail, telephone call and emails no return from them to terminate the insurance contract. I will call on a lawyer to help me in the efforts and it makes me angry to be forced to put a star !!!!!!",5,Cancellation,0.364115834236145
Correct insurance but which continues to increase its prices from year to year. The advisor even told me that I had no other choice than to terminate if I wanted to have a correct insurance price ...,2,Cancellation,0.3649173378944397
"I am satisfied with the speed with which I ensured my new vehicle.
The instructions were clear and simple to perform. All was carried out online.",3,Coverage,0.30732232332229614
"The services are impeccable
However, it goes a strong tendency to increase the prices from one year to the next despite the absence of a claim
More than 10%
I negotiate my auto motorcycle housing rates every year
And am tired of these clumsy attempts to make me pay for Maaf advertisements.",3,Pricing,0.34154054522514343
"Correct covers/contribution ratio, quick quote and clear information
To consult during new subscriptions, cars as a home without hesitation",3,Coverage,0.6498978734016418
Thank you to Lamia for its efficiency and patience for the creation of my member space as well as for the information I needed. Thanks,4,Customer Service,0.4169314503669739
Very satisfied quote and contract done quickly. An advisor calls me to finalize my quote and carry out the contract. The prices are attractive I recommend,5,Customer Service,0.5143319964408875
To do in an occupational disease since September 2018 still lacks papers with a quota at 100 insurance at 45 per month to tell me that it will be that compensated on the loss of salary is a joke of the time to send the papers To have nothing I go from home it's a shame,1,Coverage,0.4349824786186218
"Forced sale by phone from a broker.
Then dialogue of deaf with the company. Already for a while that I fight to terminate this contract which I never wanted.
Having been in contact with their quality service following my requests in January 2017, I asked them a question ""if I send you my termination letter today it will be taken into account?"". The answer was positive, so letter sent by recommended ...
Thinking to be finally quiet and freed from this story. In January 2018, I see a new sample on their part (which was not planned !!).
I contain them, and I am told that there is a period of 2 months before the end date of the contract to send the famous termination letter. New latted on their part.
Thank you for keeping us informed !!

Having relaunched them again on 02/15/18, I stay without news from them.

What to do ??!!",5,Cancellation,0.46202823519706726
"I am satisfied with AMV insurance, very competitive price, customer service always reachable for any help, very complete online platform. Thanks",5,Customer Service,0.5851186513900757
"I did not really appreciate that the expert searches my car, how I know, my mechanic had made me a quote for the repair, and the quote was in the glove box, and the expert gave exactly the sum, knowing that If I had been in their designated garage it would have cost more than double, from the accident to the repair for 2 months, and again if my mechanic did not call the expert, the repair would not yet be done, I have paid the bill, And I have returned by recommended for reimbursement, hoping that I should not wait for months, hanging or I am entitled",1,Pricing,0.3050819933414459
"Let's talk about it for over 15 years Macif member. Everything is fine if you don't have a claim. In February 2018, big stripping of waters, in principle are covered. Expert passes everything is fine, it transmits its relation to the Macif then there nothing is going well (+10,000 € of work) The expert report is incompeantable, With dates errors, the name mentioned on the report is not even ours. Finally, in short, they sent us standard letters full of faults all that to tell us that we will not be compensated. And we hallucinate, why make sure, that I am explained to me. Despite all my mail in LRAR always the same answer. The decision is made we will not compensate you. We are told to contact the Macif mediator once again by mail. We think we dream. We will go to the end we will not let go. We will go before the courts if necessary.
It's just lamentable.",2,Coverage,0.5393513441085815
" 
Big error on my part of having wanted to insure my motorcycle at April Moto, to be avoided absolutely.

45 days to receive the final green card is long too long. I have not used my motorcycle since July 4 day of the subscription of the fear of fear of not being properly assured and above all do not take any risk.

I hope to be able to terminate my contract as soon as possible and be reimbursed in full.

It is very complicated to have someone competent on the phone and it's been a week since I wait to be reminded to explain to me. Not very serious all that.",4,Cancellation,0.3280197083950043
"It's sad, the ""drive box"" forces to drive like a grandpa, do not try to insert yourself on a fast track starting from 0kmh (as it happens on the short insertion pathways) otherwise you accelerate too much or do not Never go, do not try to double a little quickly, otherwise you make ""tight turns"", hold your safety distances twice, you have to brake very slowly so as not to have too strong deceleration. Only the speed pace of speed looks at the point.
And beware, 1 fault is 10% or 25% on 20km, I drive everything well square, all my passenger tell me that I do too much and I only arrive at a maximum of 70% which corresponds to 20% reduction only, given the price of the insurance I would hope to touch the maximum 40%, because yes, per month, the 500km I do them without any worries, it is necessary to do less than 16km per day to take advantage of it.",1,Coverage,0.2902761697769165
"2048 € per year, renewal of glasses remains at the expense 0 ?????
AG2R supports glass and frame up to € 16.40 or almost € 95 in my pocket (Afflelou)
Thank you AG2R !!!!!!",3,Pricing,0.2956499457359314
"very satisfied with the price with the advantages
In all risk formula, the price is really more attractive than my old car insurance! I strongly advise direct insurance to other motorists!",5,Pricing,0.29270055890083313
"unsatisfied!
By wanting to take out insurance quickly and not too expensive, I chose them.
To my greatest regret, I am seeing to find a mediation but impossible abusive invoicing of a plan of € 80 for non -transformation of the quote into a contract.
I find it unacceptable.
Insurance to flee!",1,Pricing,0.2576063275337219
"Insured at Cegema for 4 years, I arrived at the end of my patience.
Until now, despite some difficulties in making me pay the costs not reimbursed by the social funds (lenses, osteopath, ...), the services were provided.
Since November, it has been a disaster.
Eat of many reminders by phone, emails, customer area, impossible to be reimbursed for glasses long adjusted by the CCSS.
I sent a request for termination on their mailbox and by registeredment, no answer either ...
To collect contributions, there it works.
I just contacted the CCSS to explain the dysfunctions to them.
To flee !",5,Cancellation,0.35446199774742126
"I am satisfied awaiting validation of the car credit.
I am contacting you as soon as possible
Your company was recommended by a friend",4,Enrollment,0.2720477283000946
"Because of a simple error in driving license photocopy, I went from 800 euros to 1,300 euros in annual subscription ... without being able to argue. Distressing.",5,Pricing,0.3206843137741089
"After an accident for which I am not responsible, my vehicle out of use, value of their unsuitable expert, after non -contradictory expertise and an incentive to illicit sale, I am today an assessment of my damage to more than 6000 € (excluding the value of my vehicle) and always impossible to reach the competent people of Allianz-Allsecur Calypso, provided that there are ...",2,Coverage,0.26009926199913025
"Real insurance.
The price sometimes seems higher than elsewhere, but everything is included from the start. So I am really assured and no unpleasant surprises in the event of a problem.
For example, I made a little fall almost at the end without gravity, but by tilting on the side I typed my head on the ground. No hesitation, the mutual insurance company immediately reimbursed me the helmet (Shoei at € 500!) To leave well protected. Financially, it is a very good return on investment.",5,Coverage,0.35540303587913513
"Excellent support, both in terms of repairs and vehicle loan. PA SDE ""PINABILABLE"" with experts. Repairs set to the Rubis garage on the nail.",4,Customer Service,0.3783707320690155
"After telephone harassment (up to 7 calls in the same day), the agent's customer official told me that she was sending me the contract for accident provident as well as legal protection. After a very muscular conversation to tell her that I didn't want anything she told me that I would receive the contracts and that the sag would be the 5th of each month. There I answer her that she does not have my bank details and there to my surprise she gives me my Iban. I did not believe my ears. I reiterate him that I don't want anything. Than nenni. I receive the contracts. I call Neoliane customer service. Who tells me that it is the last day to retract, that I can do it by the website. She gives me the procedure to follow. She also tells me that everything would be arranging. I warn it having bank knowledge that the sake if it presents itself I request a refund with a revocation behind (as it is a 1st presentation ""First"") we can do nothing as long as it has not been Debity. She tells me not to worry, the contract will be closed without problem at February 5. Today I go on my online bank and oh surprise a set of 69.50 ""funny name"". Weird, I call my bank and oh surprise by doing research it is Neoliane who takes. I am in angry",1,Customer Service,0.546766459941864
"It was the company that offered me the best price in view of the guarantees, all companies and mutuals combined. The terms of payment by semester or year -round are very practical.",5,Pricing,0.3964320719242096
"Hello, I was stolen my motorcycle insure any risk and they wanted to know nothing, I was piercing by their clause hidden in the contract and I was fooled because I was too honest.

AMV is anything but insurance it is insurance travier who are neither cheap nor compete.",4,Enrollment,0.30922868847846985
"I am satisfied with the proposal.
I was very well informed during my phone call.
Everything is clear, complete, fast and efficient!
No complaints",3,Coverage,0.33667176961898804
"I am satisfied with my two insurances at home.
I recommend the olive assurance for all insurance combined
Very happy to be a customer at home.",5,Enrollment,0.34575310349464417
"I do not at all recommend very dissatisfied school insurance for children you must pay more accounting service which does not go back the computer of payment made by bank card we announce to you by phone that we must pay again and that ""you are in Delay ""and in addition you are charged delay fees following direct debit rejection more than 8 euros per 1 days regularized which is more by bank card we announce you after you demand the accounting extract that you are sent and then You receive nothing except that you lose your days on the phone and that is without counting the absolutely disastrous remarks of certain advisers who speak to you as if you were the worst social case of the year",5,Customer Service,0.26563790440559387
"Prices suit me.
I am satisfied with the access to response service everything is easy and an interlocutor can be reached if necessary to conclude a contract.",5,Pricing,0.780343770980835
"I do not recommend.
Problem with Amelie. They are not able to solve the problem.
No contact with the advisor.
Once you have taken their mutual, it wash your hands.
Very disappointed. I will change without any qualms.
Too bad because the advisor was very kind to selling her mutual. Since nothing.
",1,Cancellation,0.3381001651287079
"Impossible to be reimbursed despite multiple reminders. They are hardly reachable on the phone and when you have managed to have them, they ask you for the date of the email sent to check. Deplorable customer monitoring. To proscribe absolutely!",1,Customer Service,0.6359043717384338
"I strongly advise against I will be factual.
Instead of a subscribed contract, you believe to sign one, it will fuel 3.
You come to sign a mutual insurance company, you will meet in the end, with a mutual insurance company at 25 €, a hospital protection contract at 10 €, injury protection at 10 €. All on the same 3 -page membership bulletin, checked in very little without your knowledge page 2.
You will therefore pay 45 € / month for 25 € real protection. The rest is bogus, it is foresight. At termination, we will terminate the real mutual at 25 €, but the 20 € monthly margin remaining will continue to run. 3 termination letters are needed for 3 contracts.

I know someone who worked there and confirmed to me that these practices are an HR will and general management to ""marry"" on members. It is a real insurance, a mill mill of salespeople full of beautiful words with figures of figure, worse than a bank.

Go running.",2,Pricing,0.31515395641326904
"If I had the possibility of putting any star I would have done, they deserve zero star. I am disgusted with this insurance, we pay overpriced insurance and when we need them there is no one left. Closing of a claim without the customer's agreement and request, no sense of file management and customers leave abandoned in their misery. Processed its customers as a liar and unfitable person with the entrepreneur working for his customers, that she quality of service. I terminate all my contracts because by increasing prices, they do not know how to do much. Going your way from other insurance is much better. Goodbye and forever!",5,Cancellation,0.40200769901275635
"Hello

I tell you about my own experience and the experiences of people around me ....

Just there is no way to put 0 star ...
We make you believe at the beginning that it is my dear, in reality your insurance price does not evolve over the years ....

Online service, the day you would have a problem or sinister, it's a disaster, each advisor tells you his story, he hangs up on the nose .... Online .... we can't do anything ...

to flee ..... seriously",3,Pricing,0.39754822850227356
"I am satisfied with the customer service who helped me unlock my file and my insurance contract for my 1995 MBK Spirit scooter, I am satisfied",5,Customer Service,0.7994661927223206
Loading...,1,Coverage,0.3559519350528717
"Hello, on 13.12.2019, I exchanged with a Maif agent. The call took place at 12.53 and lasted about 4 minutes. I hope Maif, despite his silence, was able to access the recording. I asked the agent if I could declare the claim that took place on 12.12.2019 if I joined insurance on 13.12.2019. Instead of answering the question directly (I suppose, the answer was no), the agent laughed a lot and told me that I knew the answer to my question by the sentence: Madam, you know the answer. I assured that no, I did not know it and for this reason I was in relation to him, that he was a representative of the service provider and that I expected a simple answer yes or no instead of Laughs and vague sentences like: Madam, you know the answer. The agent informed me that he was a human being (I did not doubt it) and on that I decided to end this unsuccessful exchange. I have the right to ask my questions.",1,Enrollment,0.36653369665145874
"Hello,

I am shocked to see the level of irresponsibility of a company like yours in the care of the disaster in which I was involved with one of your customers and in which I am 100% not responsible.
Since 5/12/2019 you have been in possession of all the elements concerning this disaster.
I sent you several email to allianzccau@allianz.fr giving you several complementary elements and the name of the person to
Contact for opposing insurance.
Today, I get to say by your employee, in the compensation department, Mr Olivier Elisa, to take a lawyer because Allianz is not ready to reimburse my damage because I am not a customer. If this is your policy, not to reimburse innocent people who are not responsible for road assault on the part of one of your customers. For your personal governance, I have been a customer at home for the automobile, teaching, housing.

I am shocked by your words and if this is the only way out as your collaborator seems to say it, I will therefore go to court against you and
Relator your pseudo professionalism on social networks and in different consumer associations.
A good understanding
Franck Robert
",4,Coverage,0.39637434482574463
I am satisfied DJ Price and service very good offer I am satisfied with the price service I am satisfied DJ Price and service very good offer I am satisfied with the price service,5,Customer Service,0.36040738224983215
"Your platform is intuitive and pleasant.
The basic + option contract system is interesting.
The ease and speed of subscription are really a plus",2,Coverage,0.2389398068189621
"Big problem to terminate our car insurance. No accident to our credit, so we can judge the service in the event of an accident. Our future insurer to send a letter of termination as the law authorizes it, with acknowledgment of receipt, they claim to have received nothing when we know that this is false. Pacifica refuses any relationship with the insurer we have chosen but is completely incorrect with us.
Ditto for home insurance.",4,Cancellation,0.5926547050476074
"Very effective and cost for any information and information is very clear.
Several solutions are offered when the customer asks questions",4,Pricing,0.34759101271629333
"I am satisfied with the service rendered by the GMF linked to my request.
However, not fast enough the reception of the vehicle green card and therefore need to print a certificate.",1,Customer Service,0.3001328110694885
"Very satisfied with what is offered to me, I was referred by an advisor who was very professional. Thank you again for the availability she shows.",5,Customer Service,0.3681789040565491
"The quote is simple to prepare thanks to the telephone reception.

Interesting price. I will recommend this insurer to my loved ones and friends.

Web easy site",3,Pricing,0.45489636063575745
"I am satisfied with your online service
 The subscription was very fast
It suits me perfectly with my expectations
Small flat there is a floor and I could not modify",1,Customer Service,0.30897825956344604
"rather satisfied but impossible to put a rib n26 which begins with !!
This limitation is annoying for us!
The price range is correct now you have to see the quality of the service if there is a sinister.
Cordially",4,Pricing,0.38118672370910645
"The interlocutors are very competent in the very short information and telephone expectations.
Regarding prices, lights remain competitive compared to other mutuals on the market",4,Pricing,0.7081661820411682
"Mutual insurance mutual dear unreachable f (if you find a word starting with f synonymous with unpleasant, I take !!)",1,Coverage,0.6275620460510254
Intervention deleted at the request of the Internet user.,1,Cancellation,0.51800537109375
"Acquire of a Madelin law contract. 1 month after transmitting documents, emails without answers or partial answers sometimes a week later, incessant changes of interlocutors, unreachable hotline or incredibly long waiting period, etc. It seems very simple and quick to deposit money at La Mondiale than to withdraw it.
Never place your money in this company.",1,Customer Service,0.2596902549266815
"Prices seem to me more affordable than competition with equal guarantees.
It remains to be seen the service actually rendered during a disaster. Note the deductible raised by the raising of 10% of the repair amounts ""flight/fire and damage to all accidents""",4,Pricing,0.6012934446334839
"I AM SATISFIED WITH THE SERVICE
clear contract and well explained
Quite quick to contact us
VERY CHARMANDE interlocutor
I recommend
thank you so much",1,Customer Service,0.5072363018989563
Insurance that terminates an insurance contract with the sole reason: our internal policy has decided not to renew your contract ... in 4 years of insurance with them 1 non -responsible accident (2015) and 1 responsible accident (2017) . Unacceptable,4,Cancellation,0.6373282670974731
"Interesting insurance compared to its competitors. Having had no claim, I cannot judge its effectiveness in the event of a problem.",1,Coverage,0.47276780009269714
"Good morning!
After long phone calls and many of the messages, I was listened to by the manager who called me and resolved my problem, fast and efficient. Thank you for being comprehensive with my situation.",1,Customer Service,0.4204409718513489
"I am satisfied with the service offered, the price is suitable. Everything is simple and practical. I am satisfied with the service offered, the price is suitable.",1,Customer Service,0.3368387222290039
"20% increase in the amount of the subscription during the contract due (renewal of the subscription for a new year). Sinister responsible or not it is the same thing, insurance takes 20% in all cases. Dear guarantees (fixed franchise + percentage on the amount of repairs). Becomes insurance with prices approaching the competition therefore more interesting for the insured.",3,Enrollment,0.3855738341808319
"Hello, Insurance to flee absolutely. 2 years to have a return from them following an accident, 2 years during which my vehicle was immobilized while continuing to pay my contributions. Customer service is zero, people are capable of providing clear answers, it is a tanned to have them on the phone, they are right there to collect contributions for zero service.

Privileged any other insurance, this cannot be worse",1,Customer Service,0.5771051645278931
"Not reachable on the phone, the 5 lines transferred to a paid line 3 € plus the Comunation Person reachable, than the answering machine. No longer pays for my small annuity life insurance. The letter of proof of life not received in October the registered letter, the notice of receipt received 1 week after the envoy, with the documents requested, as the birth extract, still no answer, nor the sure payment my account . It's lamentable, not acceptable how elderly customers are treated. I'll complain. Beware before committing you not serious insurance !!!!! I had to be paid
By quarter around 15. November 2020, since 2014 on a letter of the transfer of the amount of the annuity, the date of the deadline is no longer mentioned by the Lyon office, which does not respond by phone either, what service ? Fortunately I still have my head. How the other elderly customers go, the time to understand is that we arrive, thinking that they have taken out life insurance at the nearness of serious life insurance and not to worry about being paid in time. My bank does not wait and I have matters to respect",1,Customer Service,0.5566261410713196
"After more than forty years of insurance (1979) auto and others with the MAIF, I have just received a notice of radiation without any motivation for a vehicle (VAM) when I have not had a claim for a very long time, However, my 3 Raqvam contracts were not terminated ... after having? To the delegation of my department the person I had on the phone had no information, too bad! So I'm going to go to the front and do research to change insurer for all of my contracts.
MAIF militant insurer ...
 Best regards",1,Cancellation,0.31229168176651
"Absolutely delighted with Groupama, my advice is very responsive, I think that in the group of a group (Groupama or other) the quality of the advisor clearly makes the difference. Mine at Groupama is perfect.",5,Coverage,0.3068659007549286
"I am advised by a friend and apparently he is very satisfied. At the price/quality level it is very well by contribution to other companies.

thank you .",5,Enrollment,0.4152146875858307
"Interesting price, more logical compared to my old insurance too high despite any claims for years by counting my bonuses, and having had an increase in the contribution",4,Pricing,0.4285050630569458
"Practical and simple online subscription
Correct prices
Quick
Even if we find that it is always too expensive car insurance
I don't see anything else to say thank you",4,Pricing,0.6653167605400085
"After making a comparison on an insurance comparator, Eurofin was the second on the list (obviously, well -established marketing strategy), an advisor calls me and begins to tell me about the details of the quote. As she talks to me about the price that is to be paid in one go and it will become more expensive with it by paying per month, the advisor tells me ""we will have tried sir"" and repacks me, limits she hangs up on the nose. That's good I was already on the site when I told him about it!
The Community Manager: No need to put an answer I will not come back anymore and I advise everyone to do the same !!",1,Customer Service,0.4433891177177429
"Very affordable price Several options are available to us such as the connecting box to the car, the quiet and zero franchise option which is quite pleasant",5,Pricing,0.38395580649375916
"Too bad we cannot put 0 stars in terms of customer relations! At the start, a simple car breakdown and in the end 1 year and of Mi of galley (assistance below everything, unusable car etc, and in the end victim of abuse of weakness)! No help, no solution, arrogant and contemptuous staff. I am disabled and I lost everything. Thank you Axa!",3,Customer Service,0.8447639346122742
"I am totally satisfied with the fast and simple service.
 I obtained the online insurance quote very quickly and I was able to subscribe to the contract the same day",5,Customer Service,0.4933166205883026
Loading...,1,Coverage,0.3559519350528717
"I am satisfied with the welcome from AMV to ensure my scooter, hoping to continue to trust you at length, the pleasure of your support.",5,Customer Service,0.6316261887550354
No insurance takes care of nothing and in addition you have to pay deductibles for me 0 insurance levels has been twice in a row that it grille2,1,Cancellation,0.29901808500289917
"Hello, the Carac is to be avoided. Very fast to accumulate the funds, but after death it is lamentable. A real obstacle course ... Our areies fought for France, today it is we who fight against the Carac.",4,Coverage,0.3636903464794159
"The price for an insurance all risk is correct, the services offered also and then I am already a customer for home insurance with you so also linked to my account my future auto contract",5,Pricing,0.5260266065597534
Cardif voluntarily dragged us 2 files at I sent back 4 times the files still lacks papers that I provided files open the year last and still no answer or that of the really impressive wave without quoting withdrawals that were made for me during more than 2 years for non -existent insurance justice,2,Customer Service,0.38002142310142517
"Abominable advisers and service,

I subscribed to this insurance in December 2016. I was baited by the kindness of the advisor who assured me that she would take care of the termination of my old contract and the request of the statements of Information concerning me and concerning my husband. I therefore transmit the documents she needed (gray card, permit, signed contract, etc.)
A few weeks later, I am asked for these famous RIs that I send immediately. Still a few weeks, I am asked that they are less than two months old, and it is starting to become heavy but I still refer when I have to call 5 insurance to have those of my husband and mine (for the 36 months) . I await and wait, to be sure that everything ok, I call customer service and I have a certain advisor who barks on the phone that I have to wait like everyone ...
It's been three months since I returned documents that are not treated, I only receive emails from ""this is missing and that"". I have never seen such slow and non -professional insurance.

I asked to terminate and go to competition but to no avail !!!
",1,Cancellation,0.33687031269073486
"Very good telephone reception and very complete information ...
Very friendly and pleasant interlocutor.
For a platform it is really top ..
More than waiting if the request will be properly processed.",4,Coverage,0.5697479844093323
I am satisfied with the speed of shaking up a contract in the name of my wife to a contract with my name for the same car. It remains for to terminate the contract of my wife Amana Moussa,4,Cancellation,0.5843688249588013
"Very pleasant telephone service and top subscription level
I plan to do home insurance in addition to two car insurance at home
",4,Customer Service,0.31058618426322937
"I am satisfied with Direct Insurance services as a young driver.
Only downside, I did not find how to settle monthly and not annually",1,Coverage,0.33163443207740784
"I would like to share my catastrophic experience as well as almost at April, no loss management after accident, no return to our multiple requests on the situation, lack of consideration and listening to its own customers.
Especially completely ineffective !!!!

",3,Customer Service,0.5399045944213867
"Simple and practical service. As a young driver: first very pleasant experience.
And also very affordable and therefore very accommodating price",5,Customer Service,0.2657043933868408
Generally good insurance,2,Coverage,0.6916810870170593
"Degree, demoralized, after several telephonic and email reminders, always no payment, in + health concerns are added financial concerns because of the non -payment of my invalidity pension, it is unacceptable, each time in such, I am replied Whether they do not know, or when the file is being processed, however before each month, I admit the payment 1 week after, what is happening !!! An answer at least, thank you !!",5,Customer Service,0.25747597217559814
"Hello,
I am assured Maif Auto. I underwent an act of vandalism on my car, I made my declaration to the customer service of MAIF. 1st contact: I am offered to go to a Maif partner garage of my choice. A few minutes later, I receive an email asking me to go to a very specific garage that I did not choose! I recall customer service that responds to me in a very unpleasant way. Anyway ... I let pass.

So I go to the partner garage which tells me a price. Given the high franchise, I share the maif of my refusal of repair. Customer service therefore indicates that I was going to receive compensation (value of repairs - the franchise).
Some of them after I receive a letter from the expert who tells me a sum calculated according to the Maif scales: less than 50% of the mechanic's prices !!! Result: I cannot have the price of MAIF alone because no garage in France works free (or almost seen the small amount of maif estimates) and I cannot therefore claim any compensation ...
I share my dismay in the Maif complaint service which makes me morale because I would not have had to use certain words towards them.

I am very disappointed with Maif.",1,Customer Service,0.6200745105743408
"Currently I am satisfied with my contracts: prices and simplicity.
No incident during the past year.
I hope everything will continue in this direction in the future.",4,Pricing,0.5584979057312012
"I am very disappointed with this company. I have been insured since 08/15/2019 and I learn by wanting to ask for the new green sticker, that since July 15 I have been terminated my contract without warning me either by mail and I find myself during the holidays Without insurance and in order to rent a vehicle at a high price (€ 844) which cannot cancel the holidays at the last minute to the happiness of my family and children. I had the impossibility of subscribing to another insurance because the Olivier Insurance made an error when terminating by putting a reason a termination on the subscription date (impossible) and suddenly no insurers could take me back (the all because of 2 non -responsible claims). I find unfair the treatment I have undergone and especially at this period of pandemic or we still need insurance I intend to take legal measures and not leave this type of action for a benevolence of future consumers.",1,Cancellation,0.477668821811676
"Thanks to Maria for her kindness, she knew how to guide me on the phone. Very professional and above all of great patience for novice people like me.",4,Customer Service,0.5397873520851135
"Prices are a bit expensive for a vehicle parked in an enclosed garden with gate.
Having only 5 fiscal and 105hp ... I will surely turn to another insurers",1,Pricing,0.6189287900924683
Forget my password. Check after several attempts. Mutual Harmony of Plerin (Costs d'Armor) can do nothing (first and last year),3,Pricing,0.27457723021507263
To flee !!!,1,Cancellation,0.8801014423370361
Contribution which increases from year to year without having had any claim for 6 years. I do not understand why I pay a blind for minimum guarantees.,2,Coverage,0.35899871587753296
"I am satisfied.
The prices are attractive, not too expensive for a young driver.
Simple and practical.
The monthly payment would have been better, however.",3,Pricing,0.6065815091133118
"It was good ... Unfortunately, it changed! I did a test with a simulator on the internet to find out the price of my insurance with them ... 125 instead of 200 euros ... I call them by phone, in fact, it is a preferential rate for new clients !! For those who are already customers, it is better to terminate ....",4,Pricing,0.3680208623409271
"It has been more than 3 months since I sent a file for Simulation Rent Perp. No response from them, impossible to reach on the phone. Nul to avoid absolutely. If it was to be redone it is not there that I will place my savings.",3,Customer Service,0.38302356004714966
I am satisfied it is fast and not dressed in the advice is very professional and I finally managed to ensure my car even by being a young driver.,5,Coverage,0.42134255170822144
"I am satisfied with the service.
Communication is correct.
The price is a bit high, and my driving years abroad have not been valued.",5,Coverage,0.45857182145118713
Cool it's fast good assurance thank you to you have a good day it's been 2 years I am insured at home never a claim so may not judge the rest,5,Coverage,0.6331977248191833
Excessive price compared to other companies and the service leaves something to be desired. I remain only because other companies refuses me because I have been the victim of a disaster but I will leave as soon as I could,2,Pricing,0.7587282061576843
"Thank you for this quick processing of my file. It's nice: fast, efficient and rates that are always so interesting. I wish you a very nice day",4,Customer Service,0.3509930968284607
"Simple and practical, I was able to subscribe quickly by phone to validate a quote made online. Customer service has been effective and correct, I will recommend",2,Customer Service,0.9098249673843384
"Hello
I have stopped for more than three months and still no news from Allianz.
The worst insurance on the market. I will terminate all my contracts (housing, vehicles, mutuals for employees, multi -risk contracts for businesses ....)",4,Cancellation,0.38057953119277954
"Simple and practical, ease of access. The prices are very competitive. Hopefully not be disappointed afterwards. I do not think, Direct Insurance is particularly well rated.",1,Pricing,0.6268426179885864
"Efficient service online and by phone for the implementation of the contract.
Affordable price for a young license. I recommend this insurance

",4,Customer Service,0.35153132677078247
"Do not let yourself be with the attractive prices ... they only increase each year. My bonus increases, and each year I fight so that my price is regulated.
Supposedly, it is increased because of the claims around my house.
In the end, in 3 years I was increased by 300 €, I had only one break of ice in almost 3 years, it is expensive the windshield. I move in October in a house with garage and alarm etc ... I would solve direct",1,Pricing,0.505161702632904
"Clearly clear and precise advisor easy to understand. The giving prices are very correct and very affordable but a shame not yet to do motorcycle insurance.
",4,Pricing,0.32040077447891235
"Cambarolet a month ago is half and always no padding as well as my door to still do not replace innadmicable the sowing, however, continuously withdraw my home and cars contracts well and cars",3,Cancellation,0.5711871385574341
"He contacts me by phone telling me that they had tried to join several resumptions by such and mail because I had to be entitled to complementary health from September.
So I told him that I had never been contacting, he maintained, however, that he had done so.
Once his explanation finished he asked me my Iban and it was he who had to give me the last 2 figures.
I was not wanted to tell him that I did not have the ways to provide him, he then asked me as to do because he will not remember and that I had until December to subscribe to it, making me believe that he could have Do something after December 1 and that I had to subscribe to it as soon as possible.
So I told him not to send a contract and answered me dryly, I wanted to ask him a question and I barely said 1 word that he hangs up.

He reminds me of a few minutes after because he understood that I wanted to talk to him.
I was asking him for more information, he was kind enough to provide me.
After talking about it I therefore subscribed, he sent me a code by message that I had to send him back.
He told me that I had a 14 -day withdrawal delay, I will not wait 14 days to stop all because I have the same type of contract where I assured my vehicle.

Putting myself pressure for me to subscribe to this mutual I have not had time to check in my paper.
",3,Customer Service,0.19473880529403687
In disability 2 category following an illness and insurance does not take me into consideration because it is estimated that I do not enter their percentage granted while I had taken 100% per capita.,1,Coverage,0.27736014127731323
"I am satisfied with the service. I had an advisor by the name of Pierre-Yves, very professional, attentive, was able to meet my expectations. For the moment nothing to complain about",5,Customer Service,0.6977134943008423
"Customer service & very pleasant sale!
There have been some inconsistencies at the price level during online quotes. However, during the call, this was to my advantage.

I recommend your insurance to all my loved ones!",5,Customer Service,0.8012886047363281
"Sinister due to 1 flood since August 2017.
Crazy tiles ... Still no response for treatment after 6 emails sent. With supporting photos. They were answered at the beginning by asking for more evidence without wanting to pass an expert. And no response to my last 3 emails with the photos requested",1,Coverage,0.40344053506851196
"Disappointed by my experience at the Insurance Olivier, at the start of very attractive tariff, on the other hand the following years ... Significant increase (without any declared claims), moreover I made two requests for quotes for the same car with information Identical and the prices are different overnight and with large differences, it looks like it on the stock market and we have to make it have, each time you make a small transformation is 15 euros in fees of costs 'Writing, really not serious. This is the first year but afterwards we have to change otherwise we fall at the same price as the competition ... not interesting.",2,Pricing,0.633785605430603
Change of insurance contracts without telling the insured we no longer understand anything because I am told different ways for the same subject and we do not say his say knows as his,4,Coverage,0.3292488157749176
"Having had no accidents for more than 20 years (rental car) and having acquired a car again since 2019, I am amazed not to benefit from a more important bonus ...",5,Coverage,0.43122851848602295
"I admit to being surprised not certain negative opinions which even scare me for the future! I post my opinion and it is the first time to restore a part of positive because I am super satisfied with Maif. To start in terms of quality of listening to customer service I am very satisfied! My brother -in -law is insurance broker and he is himself very surprised by Maif! Even more with the problem that it happened to me recently and that I will tell you later! In terms of price and for the quality of the fullness formula he could never line up so I left his agency for maif (I am a trainer so a very correct rate) and since that is only happiness ! A few days ago my car broke down in a phone call I had a car from a rental company that was reserved for me! I had it for 7 days (4+2+1) and the day before the evening to make the vehicle (a 2018 Twingo that I had with 5 km on the clock) I stamped the bumper in a small post (protective) in a parking in the dark! The worst part is that the car I had parked it super far so that a person gives us a door! I had taken care like never before (800 euros of deposit). I spent an awful night and I was broken down! I no longer knew what to do I was too afraid of losing my deposit! Even my beautiful brother confirmed to me that the rental company will take the deposit and then that I will be reimbursed may be by my insurance but not on because in the rental of the lessor the deductible of franchise was not valid in the event of negligence! After long breathing I called the maif and the they were exceptional they reassured me and said that I did not have to get used to it and that I should especially not leave without my deposit from the rental company and That if there was a bp you had to call them! Of course arrived at the rental company (opinion) The guy laughs at me by telling me ""what is it for you to be taken for 800 euros of deposit if we do not use it! I explain the conversation with the maif and He says to me laughing ""Ah it's normal your insurer will not tell you the opposite it's all the same"" and the he announces that I have 750 euros! I do not let go and he Request to call the maif! Before that he calls his manager and a colleague from another agency who tells him that he must take the deposit and that it does not exist an insurance that settles the case without anyone Go through the surety! And I manage to reach the maif, explains the situation (I was afraid of passing for a C .. he had managed to put me in doubt) and she asks me to pass the rental company !! !! And the total kiff when he put the loudspeaker! She slammed him very politely ""he has only certainty to have in this file is that Monsieur d .... (me) will not be not debited with a penny and You go and give him back to him !!! She slammed two three things related to the contract and the guy he was disgusted !!! He had assured me that whatever my insurance said he would listen to his chef !! Ahahaah thank you the maif! After the phone call I waited for 5 min that he received email for the damage to the damage and I left with my surety and the apology as a bonus !! I never imagined that an insurer will deal with so much with so much 'regard! My 4 work colleagues went to Maif with what I had told them (even before this story) and they are just as satisfied as me! And especially in PRX TEMR it is hyper advantageous (can be linked to the status of trainer)! So for the first time in my life I leave a comment because I could not continue to see so many negative things SAS react! Sometimes the satisfied must speak if not the opinions of certain influence in an erroneous way the choice of future customer who would be happy with them! I have nothing to gain and I am not a false comment lol! For the moment no increase in my deadline and no penalty linked to this case! I will keep you informed. To continue in my misfortune I received a pebble on my windshield and I broke ice but hey I wait because I do not want him to think that I only have problems doc business to follow!
I leave my email address if a person wants more details. Here it is a superb insurance! I have been there for two years and I even managed to win a lot on my home loan insurance at the Postal Bank by showing a MAIF insurance quote! BP could not align but I won 40 ahah percent !!",4,Customer Service,0.8545871376991272
The prices are unbeatable. I made quotes with several insurances and you! Were the cheapest. So I didn't hesitate. In addition to Direct Insurance takes care of the termination of my contract,2,Pricing,0.6094847917556763
"The best price I found !! I recommend the assistance warranty, for a moderate cost, it is a security during the trips and the system is ready.",5,Coverage,0.40973207354545593
Loading...,5,Coverage,0.3559519350528717
"Macif no human value
The Macif left us with our 4 children in a hassle 450 km from our home for a deductible of 350 euros that we cannot pay immediately and the garage does not want to give us the vehicle and despite our requests to the Macif To cancel the franchise exceptionally and reimburse them at the end of the month, we had refusals. It's disgusting and after the Macif says he has values! Damn! No difference with other insurance groups. Before going to pay millions of euros to associations they would better deal with their member above all",1,Cancellation,0.5667099952697754
I am satisfied with the service and the offer that April Moto offers. I think I can take the road serenely knowing that I am potentially well insured.,3,Coverage,0.3732803165912628
"Very satisfied with the service offered, I recommend for any motorcyclist wanting to make sure to come and do it at home.
For a person having no knowledge it is very simple and very fast.",3,Coverage,0.29540762305259705
"I am satisfied with the service rendered, but your prices are exorbitant! I've been with you for almost 6 years! should be thinking of making offers. I don't buy super rare cars either. Without reaction from you and reasonable prices for the type of car, I would look elsewhere.",1,Customer Service,0.5784488916397095
"Simple, fast efficient and clear, moreover, the prices are much more reasonable than a classic bank. Personally the price is divided by 3.",4,Pricing,0.3637986481189728
"Néoliane Santé calls for canvassing via a DNA company, which called me despite my registration on Bloctel (blocking of telephone canvassing), and using muscular methods to convince the called to subscribe online compensation insurance following accident.",2,Coverage,0.2939757704734802
I am satisfied with the price of the quick product not complicated to fulfill the questionnaire The conditions for the price are good in this which concerns me I will recommend direct insurance,4,Pricing,0.30526411533355713
"I am very unhappy, I discover samples from my 18 € account for which I have no current contract !!!
I await an immediate refund of these sums !!!",1,Cancellation,0.3599277436733246
"For the moment everything is fine, we will see over time what it gives because it is a first subscription for me.
In any case, price level I strongly advise.",1,Pricing,0.3754839301109314
"Very happy with my GMF insurance I have been insured for over 40 years and I recommend this insurance to everyone
When I have broken down on the road a little stroke of Tel, and presto coated immediately, it's great !!",2,Coverage,0.41517284512519836
"Powerful assistance in the event of a breakdown or accident
Effective refund during a break -in of my vehicle with seats flight
I did not have the opportunity to use other services",1,Cancellation,0.5105114579200745
Very professional. Very satisfied. I am happy with the service and the price is reasonable. Too bad it is not label ... I could have been reimbursed by my town hall employer,1,Customer Service,0.44293010234832764
"Meeting with mutual harmony (without ""s"" at the end) since 2014, I have to fight (I weigh my words!) To be reimbursed for few needs that are mine (weak glasses, teeth) I benefit from the 100% With the S. S. therefore this mutual insurance company does not have to intervene either for medical consultations, or for drugs (for which I pay myself the vignettes other than white (blue and orange which have disappeared)
My last complaint concerns a crown (dental prosthesis) for which Harmonie M. is in his 3rd different justification after having accused my dentist of practicing free fees, which is not the case!
She refuses to reimburse me the Rac0 basket (remains on charge 0) by now incriminating my contract which however had indeed been advised by their salespeople !!! I terminate as soon as possible, which is hardly possible before the end of this year !! To flee",5,Coverage,0.25750666856765747
Contributions keep increasing despite a bonus that also increases because I have never had an accident prices remains high enough for the right drivers,2,Pricing,0.4710044264793396
"Simple and practical, pleasant service with an impatable price. I highly recommend for people who have just bought their first vehicles!",4,Pricing,0.286294549703598
I am satisfied with the services and advantageous prices. The advisor was very explanatory regarding the procedure to follow. Thank you very much I highly recommend assurance the olive tree.,4,Customer Service,0.5230116844177246
Very satisfied with this insurer I tried another and came back very quickly because they are really attentive and do the maximum for the declared claims. The Sables-d'Olonne staff is very professional especially the elders,5,Customer Service,0.4264432489871979
"Satisfied.

Reactivity, simplicity. Attractive price from a competition point of view. To see the responsiveness of the advisers if necessary. For the moment very satisfied.


",4,Pricing,0.3553367853164673
"Hello,
Insured at Direct Insurance since April 2018, I changed my vehicle in December 2020.
I ensured any risk of an Audi A4 before 2016 on December 08 for an amount of 737.37 euros.
This sale canceled because the seller has withdrawn, I resume my research.
I find exactly the same model and assures it on December 22 for this time 862.23 euros including tax.
On March 10, I receive my schedule for the year which is this time 931.03 euros including tax.
Surprised by these successive increases, I take the process for an online quote and this one rises for the same vehicle and the same services at 417.34 euros TTC !!! Not even half of what I pay.
On March 15, I phoned an advisor who explained to me that this quote is only aimed at new customers and that the increases are consecutive to accidentability in my region. I was then offered a ridiculous reduction of 50 euros on my annual bonus.
I specify that I had no claim since I was with this insurer and has a 50%bonus.
Is it legal to practice such difference between new customers and loyal customers ???
At this price no interest in staying with an online insurer, I can find an agency in my street with a single contact.
Cordially.
Pascal Mathieu
84500 Bollene

PS: I keep the different documents at your disposal if necessary.

",5,Cancellation,0.31290969252586365
"The prices suit me for the moment, and I hope that the services and the responsiveness will be up to par.
I will see in use.
I hope I don't have to ask you too much",2,Pricing,0.29333680868148804
"I do not satisfy I want to terminate and I do not arrive, sour the application tells you that and knows it of the internet I arrive sour knows it and no happen",1,Cancellation,0.5989227890968323
"MAIF has changed in 20 years and clings to its mutualist past as a screen that would make. My case is not catastrophic but testifies to the new MAIF mentality.

I broke down 30 km from my usual mechanic with a package of 180 euros in troubleshooting. I therefore ask that my vehicle be towed to my mechanic, even if it means paying the passage of package.

No more than 15 km of tow, said the MAIF assistance! I point out that nothing in my contract stipulates such a limit, the only contractual limit is financial: 180 euros maximum.

Response from the MAIF: ""Admittedly, it is not written in your contract but it is the usual practice. Sorry.""

MAIF above contract law! Finally, not want to embark on legal proceedings with this ""militant"" insurer. I change insurer next week. After 31 years of contributions.",1,Customer Service,0.3848538398742676
"I am satisfied with the olive assurance in quality / price therme.
I renew my confidence in this second car insurance contract at the Olivier Insurance.",4,Pricing,0.38283461332321167
"Simple, practical, fast and inexpensive. I think I'm going to put my two cars at home, I have to wait for my new mineralogical plates.
Yours",5,Enrollment,0.4064146876335144
"I am not satisfied at all, I have just seen that I still have a double contract of my old accommodation when I had done the necessary online during my move. Since 2018 I have continued to pay two annual contributions.",2,Coverage,0.255730539560318
My opinion dear and a pity that the tires are not supported or the wire of keys which are not supported. And if there is a change in damage that we are not warned.,3,Coverage,0.3527483642101288
A year at home and disappointed with customer service who does not hold their words and leaves me with a big problem !!! So I find myself without insurance with my new vehicle and what is said by customer service is not logical and each person on the phone is against it! No results at the end !!!,5,Customer Service,0.9519709944725037
"I would have liked to be warned before it was necessary to settle 3 months of advances.
But unbeatable on their prices I highly recommend!
I will surely remain there for my third motorcycle.",3,Pricing,0.4438978433609009
"The team that manages my file in my region (Bordeaux) is competent, responsive and sympathetic and it is not a really a platform. thanks to them",4,Coverage,0.4744335114955902
Super site and really advantages compared to others I am happy to have subscribed to Direct Assurance. I hope all will go well but I trust,4,Coverage,0.47024914622306824
"This is the so -called insurer is reluctant to repay as soon as the invoice exceeds the amount you have contributed!
Execlable telephone exchange with incentive to change insurer.
Too easy !
No interest in taking such insurance",1,Coverage,0.32343119382858276
"Fast and honest with good interlocutors that are both sympathetic and helping, I renew at home min second vehicle because no worries at home!",1,Coverage,0.4001925587654114
"Easy and practical. I recommend Direct Insurance for the home and the car.
The prices are very interesting and the choice of insurance is variable.",2,Pricing,0.510341227054596
"I carried out on January 9, 10 and 11 2020 three transfers of advance reimbursements on the AFER account
After 3 months of unsuccessful approaches to AFER, procedures of my advisor, phone calls (the rare times I managed to reach a correspondent), emails, the first two payments were finally credited, without my knowing 'elsewhere their value date.
For a reason that completely escapes me the third advance reimbursement of January 11, 2020 is still not taken into account despite many new steps
I provided AFER the three certificates of transfer from my bank.
I don't know what to do to have satisfaction.",1,Coverage,0.31422820687294006
"I do not understand how Direct Insurance can argue that my vehicle makes 7CV when its gray card attests that it is 5hp. The steps to succeed in obtaining their case on an evidence also seems to me to be dissuasive ...
",4,Enrollment,0.23788359761238098
I had a adviser who is named Widad very kind who has informed me with great kindness and very good clear and precise explanations.,5,Coverage,0.41451573371887207
"Customer for a few years with departures and return Suite sale of the vehicle, I am satisfied with the service and the prices are attractive, only the franchise is a bit high.",1,Customer Service,0.4686923027038574
"Unreachable claim service on weekends. Impossible to reach an operator today on Monday either, despite 7 calls. No possibility either by internet form. Yet a service 7 days a week and 24 hours a day is announced on promotional media!",4,Coverage,0.3609827160835266
Loading...,1,Coverage,0.3559519350528717
"The service was effective and understanding because the prices are below what my bank offered me.
Have a lovely day everybody.
Cordially
Stéphane Bonello",2,Coverage,0.4466871917247772
"Fast and perfect!
This is the second time that we have called on Zen-Up, and we will do it without hesitation.
The offers are much more competitive and much less complex, all in digital",5,Coverage,0.2778206467628479
Very good monitoring of my loss over time following a large bicycle fall with physical and material damage.,1,Coverage,0.5964078903198242
"Too bad we can't put 0, following big health seeds, insurance no longer takes care of because my husband ""is consolidated"" the joke after an artrodese operation misses painful pain an impossible standing more than 1 hour In a row, for their experts all is well, he can no longer resume his job according to their expert incapacity to resume his customary rate incapacity 100%, on another profession 50% despite that he does not compensate anything because he can exercise a profession of surveillance surveillance !!!!!! dixit the expert report of who makes fun of it, they wait although he puts a ball because yes he is at the end of the obvious physical pain is added a very big depression. I would like the See these insurancers after 3 years to suffer physically night and day not to sleep on a decent night, our life stopped following this accident more out of the way, more vacation, living with someone who suffers permanently and far from being obvious the whole family is impact é. A advice run away to flee. I specify that I have always been at the CMB all my accounts and insurance are there, my father was a chiter worked there. What disappointment. more listening. A advice run away.",1,Cancellation,0.3799598217010498
"Sympathetic advisor
Correct price, and clear explanations.
To see in time if the insurance is a compassant.
Hoping not to need it.
",1,Pricing,0.4999925196170807
"Very convenient
Quote in 10 min which is very easily done when you have all the information necessary for its development
I recommend this site and this insurance to everyone",2,Cancellation,0.3941493332386017
Everything is fine if you don't cost them anything otherwise they are looking for the slightest excuse to harm you for degraded technical results and are then perfect bad faith,1,Coverage,0.36729341745376587
"It's been more than two months that I was able to subscribe to a contract and despite sending all the supporting documents, I am still waiting for the green card",1,Cancellation,0.2774425148963928
I am happy with direct insurance. Nothing to say about prices. the cheapest on the market. I recommend direct insurance to everyone who does not want to spend a fortune while having good coverage.,4,Coverage,0.46081411838531494
"I am a broker, Axa is a good payer in the event of a claim, I am very satisfied with them concerning the claims of my professional customers.

Same thing for special contracts,",1,Customer Service,0.2588401436805725
"It is a shame to keep a star in minimum notation! She is in no way deserved! Let a solution then if you have subscribed to ACM ... Never fall seriously sick! I passed an expertise following my disability and reclassification. The doctor mandated by ACM, after having discriminated against me during the interview, was downright deceived of his report which I had copy! ACM response: if you dispute his report (how not to challenge it ???) that will be even longer! I'm warning you ! We will mandate the same expert, you another and the 2 will choose a 3rd being the referee !!!
Madam, I am telling you that the expert was wrong with illness! It's not mine!!! Is your answer a gag, a joke, a nightmare? There is a hidden camera somewhere ???
",3,Coverage,0.3751041889190674
They are very dangerous. This is the third time on three different contracts that they make mistakes and that I find myself without protection while I pay. Especially not go there,1,Cancellation,0.2525315284729004
"Watch out for this insurer who practices an electronic signature without ensuring who is the one who signs, especially going from agreements with a brokerage firm like Santhel in Nice",3,Coverage,0.4973817467689514
"Having terminated my contract in March 2020 I received in September a recommended for an unpaid 4.24 with threats of prosecution if not paid within 10 days.
A recommended is € 4.30
A simple letter or a telephone call would have been simpler
Now I may wait for the judicial regulations for this debt!",1,Cancellation,0.36241045594215393
"Very good insurance good customer tracking service, just a shame not to see access to the online bonus documents online quote simple and quick",5,Customer Service,0.691734790802002
"I am very satisfied with your service and thank you.
Thank you for always listening to my requests.
With all my greetings
Cordiamement",1,Customer Service,0.2763153314590454
"Customer Since September 2005, my premium went from € 23.30 in 2013, to 29.97 in 2018 (28 % in 5 years), then 33.66 in 2019 and now 39.35 in 2020, or 69 % of Increase since the origin of the contract !!!!!! When I ask why my home insurance subscription increased by 17% in 2020, and also by 12% in 2019, while the media announces increases of around 1.5 to 2.2%, possibly Up to 5% in exceptional cases, nobody answers me? I'm still waiting to receive plausible supporting documents.
I understood: the sums recovered from our contributions go to advertising and sports organizations, Allianz should do its job as an insurer, becoming more competitive and respecting its customers, instead of ""sending them to walk"", to stay polite. I'm tired of getting a walk for 3 years with their evasive answers, and again, when they deign to answer.
This opinion concerns the home insurance, while the damage I have suffered were caused by the neighboring neighbors. For the car, having no claim, I have nothing to say, but I suppose it would have been the same.
Note: I have already expressed myself on Allianz advertisements on Facebook, but you can broadcast.",4,Customer Service,0.34140098094940186
I obtained a very interesting quote for my loan insurance compared to my bank. I received my contract quickly which allowed me to conclude my real estate project in time.,2,Coverage,0.3505668044090271
"The policy of this insurer is quite unpleasant. I made an online quote and when I wanted to make sure, the price has increased by 5th and once all the documents sent, the price has increased by 5 euros, it is annoying but if it does not represent by great",1,Pricing,0.388957679271698
